Смартфон Samsung Galaxy S22 128 Gb (RAM 8 Gb) Dual Sim green,Предзаказ,https://svetofor.info/design/themes/responsive/media/images/icons/spacer.gif
Смартфон Xiaomi Поко М5 128 Gb (RAM 4 Gb) Dual Sim black,Предзаказ,https://svetofor.info/design/themes/responsive/media/images/icons/spacer.gif
Смартфон Xiaomi Поко М5 64 Gb (RAM 4 Gb) Dual Sim yellow,Предзаказ,https://svetofor.info/design/themes/responsive/media/images/icons/spacer.gif
Смартфон Xiaomi Редми А1 Плюс 32 Gb (RAM 2 Gb) Dual Sim black,Предзаказ,https://svetofor.info/design/themes/responsive/media/images/icons/spacer.gif
Смартфон Xiaomi Редми А1 Плюс 32 Gb (RAM 2 Gb) Dual Sim blue,Предзаказ,https://svetofor.info/design/themes/responsive/media/images/icons/spacer.gif
Смартфон Xiaomi 12 Т 128 Gb (RAM 8 Gb) Dual Sim blue,34339 с,https://svetofor.info/design/themes/responsive/media/images/icons/spacer.gif
Смартфон Xiaomi 12 Т 256 Gb (RAM 8 Gb) Dual Sim black,36124 с,https://svetofor.info/design/themes/responsive/media/images/icons/spacer.gif
Смартфон Xiaomi 12 Т Pro 256 Gb (RAM 8 Gb) Dual Sim black,43604 с,https://svetofor.info/design/themes/responsive/media/images/icons/spacer.gif
Смартфон Xiaomi Редми нот 11 128 Gb (RAM 4 Gb) Dual Sim gray,15640 с,https://svetofor.info/design/themes/responsive/media/images/icons/spacer.gif
Смартфон Xiaomi Редми нот 11 128 Gb (RAM 4 Gb) Dual Sim star blue,15640 с,https://svetofor.info/design/themes/responsive/media/images/icons/spacer.gif
Смартфон Apple IPhone 14 256 Gb (RAM 6 Gb) purple,93073 с,https://svetofor.info/design/themes/responsive/media/images/icons/spacer.gif
Смартфон Apple IPhone 14 128 Gb (RAM 6 Gb) purple,84148 с,https://svetofor.info/design/themes/responsive/media/images/icons/spacer.gif
Смартфон Apple IPhone 14 Pro 512 Gb (RAM 6 Gb) deep purple,142371 с,https://svetofor.info/design/themes/responsive/media/images/icons/spacer.gif
Смартфон Apple IPhone 14 Pro 512 Gb (RAM 6 Gb) space black,142371 с,https://svetofor.info/design/themes/responsive/media/images/icons/spacer.gif
Смартфон Apple IPhone 14 Pro Max 128 Gb (RAM 6 Gb) deep purple,138122 с,https://svetofor.info/design/themes/responsive/media/images/icons/spacer.gif
Смартфон Apple IPhone 14 Pro Max 128 Gb (RAM 6 Gb) space black,138122 с,https://svetofor.info/design/themes/responsive/media/images/icons/spacer.gif
